customer_id,full_name,email,region,signup_date
2824,Donald Walker,rhodespatricia@example.org,North America,2026-01-23
7912,Brandon Hall,hoffmanjennifer@example.net,North America,2025-11-13
7873,Kevin Pacheco,blakeerik@example.com,Asia,2024-12-30
5552,Tyler Rogers,jamesmichael@example.com,Europe,2026-02-12
5333,Monica Herrera,smiller@example.net,Europe,2026-03-07
6925,Michele Williams,kendragalloway@example.org,Europe,2023-12-24
7227,Mark Diaz,michael41@example.net,North America,2026-04-02
3803,Danielle Ford,veronica83@example.net,Middle East,2024-12-05
1916,Andrew Stewart,carl95@example.org,North America,2026-05-04
9179,Thomas Ellis,,Middle East,2026-01-14
8019,Jennifer Robinson,williamdavis@example.org,Latin America,2024-01-07
3504,Rebecca Henderson,cruzcaitlin@example.com,North America,2025-10-19
5119,Shannon Smith,maldonadoamanda@example.com,North America,2026-04-11
6573,Jeffrey Chavez,teresa28@example.org,North America,2026-03-18
5889,Katie Gonzalez,kathryn88@example.org,Europe,2026-02-05
6310,Brian Cox DVM,john39@example.org,Europe,2023-12-01
8962,Vanessa Patel,davidalvarez@example.net,Middle East,2024-04-02
5342,Lisa Brandt,jenniferross@example.net,Middle East,2026-04-25
7118,Joseph Martinez,calebsmith@example.net,North America,2024-07-12
4608,Michael Brown,whiteheadmichele@example.org,Middle East,2025-09-26
4899,John Ryan,esanchez@example.com,Europe,2024-05-11
2545,Jeffrey Henderson,dshields@example.net,Middle East,2026-05-01
2612,Nicholas Mcbride,wrightjames@example.com,Latin America,2024-02-23
4006,David Leblanc,jmorton@example.org,Europe,2023-10-07
9856,Tracy House,gabrieltucker@example.org,Latin America,2025-04-03
1960,Aaron Myers,smitchell@example.net,Middle East,2025-11-30
8973,Edward Novak,adkinsbrian@example.net,Asia,2025-07-30
9238,Kim Brown,yorkcasey@example.org,North America,2026-06-03
4853,Todd Hudson,harveyrobert@example.net,Europe,2025-12-15
9565,Dean Santiago,john62@example.net,Latin America,2026-04-18
5915,Timothy Walls,,Asia,2023-11-11
9808,Derek Mahoney,suarezmike@example.org,Asia,2025-05-31
9900,Lisa Archer,contrerasangela@example.net,Europe,2023-12-28
3200,Steve Newton,josephjacobs@example.net,Europe,2025-01-03
4335,Sarah Wagner,rebecca01@example.net,Asia,2025-05-09
5533,Gavin Anderson,evan78@example.net,North America,2025-05-15
1158,Tony Vazquez,amydavenport@example.net,North America,2025-11-25
3426,Andrew Diaz,nolanjason@example.org,Latin America,2026-05-22
2684,Justin Baxter,sarayoung@example.org,North America,2024-04-21
7755,Norman Cook,vpham@example.org,Asia,2024-09-07
3608,Ashley Brennan,dwalker@example.com,Asia,2024-11-06
4728,Matthew Ross,michelle45@example.net,Middle East,2025-09-19
7548,Sarah Rivera,wilsontara@example.org,Asia,2026-01-07
5349,Kyle Reed,samuel81@example.com,North America,2026-01-01
4114,Michael Smith,michaeljones@example.net,Latin America,2024-12-14
6143,Belinda Mccullough,elizabeth56@example.net,Middle East,2024-10-22
3085,Maurice Gray,christinaturner@example.net,North America,2023-07-21
5978,Jeffrey Carpenter,steven73@example.net,Latin America,2025-07-25
3780,Diane Beck,clarence34@example.org,North America,2024-05-25
3414,David Alvarez,gibsonolivia@example.net,Middle East,2024-05-18
7291,David Douglas Jr.,osbornejeffery@example.net,Asia,2025-10-02
8611,David Charles,danderson@example.net,Middle East,2025-10-23
6198,Stephanie Salazar,jrivas@example.com,Asia,2024-03-24
8777,Paul Larsen,katie87@example.net,Middle East,2024-07-26
5499,Micheal Young,luis81@example.org,Europe,2024-03-11
4788,Christian Lewis,irussell@example.com,North America,2025-04-26
2020,Jason Stein,gateskathy@example.com,North America,2025-07-30
1096,Elizabeth Price,vmedina@example.net,Europe,2026-02-12
4613,Don Tucker MD,dramsey@example.org,Asia,2026-03-13
9751,James Elliott,millerroy@example.com,North America,2024-04-28
1823,Garrett Gibson,kathleen64@example.com,Europe,2024-08-15
2341,Paul Williams,jeffrey10@example.org,North America,2024-08-08
4266,Lisa Allen,kcaldwell@example.org,Latin America,2025-07-12
5198,Carol Lawson,stricklandfrank@example.com,Asia,2024-01-04
1420,Laura Odonnell,tsanders@example.org,Latin America,2023-11-16
4978,Raymond Jefferson,hoganashlee@example.org,Asia,2025-01-10
9728,Jacob Hunter,alexander67@example.org,Europe,2025-05-24
6934,Sandra Zimmerman,hthompson@example.net,Asia,2024-09-12
9817,Julie Petersen,,Asia,2025-06-20
4995,Laura Barnett,anthony52@example.com,Europe,2024-06-14
6813,Gina Beard,angela83@example.org,Asia,2024-07-29
7658,Peter Vaughn DDS,bwest@example.org,North America,2024-10-20
4630,David Beck,thomas85@example.com,Middle East,2025-11-21
6419,Jesse Parker,,Europe,2025-10-30
4033,Parker Hill,tina34@example.org,Middle East,2025-01-31
3939,Michael Martinez,mccannangela@example.net,Europe,2024-02-02
9042,Adam Mitchell,,Europe,2024-08-16
8827,Austin Vasquez,hernandezlisa@example.com,Latin America,2023-11-30
5066,Phillip Obrien,kimberlyjames@example.com,Latin America,2024-10-24
8025,Marc Lynch,mezajared@example.org,Asia,2024-09-04
2330,Christopher Jones,ortizhannah@example.com,Middle East,2024-10-15
1534,Michael Warner,ojones@example.com,Europe,2026-03-17
4241,Joshua Holland,margaret10@example.org,Asia,2024-11-09
5728,John Torres,gbender@example.net,North America,2025-08-26
8172,Andrew Reynolds,,Europe,2026-06-02
1339,Miss Debra Williams PhD,cstone@example.com,North America,2024-04-27
8141,Katherine Davis,ricky51@example.org,Asia,2024-12-14
7744,Donna Landry,gibsonleonard@example.com,Latin America,2024-01-17
7622,Samantha Smith,mgutierrez@example.net,Asia,2025-02-02
9167,Olivia Harris,sarakim@example.net,North America,2025-08-11
2989,Mark Lloyd,lancesmith@example.com,Europe,2023-12-12
4681,Susan Murray MD,tyronemoran@example.net,Middle East,2026-07-20
5479,John Kennedy,yarnold@example.org,Asia,2026-02-06
9327,Breanna Jones,ymorgan@example.net,Europe,2024-09-08
1042,Edwin Matthews,cgrimes@example.net,Latin America,2025-08-11
6654,Phillip Bennett,molly39@example.com,Latin America,2024-07-17
7730,Patrick Thornton,qhughes@example.net,Latin America,2024-03-13
9115,Beth Sanford,molly71@example.net,Europe,2025-06-29
1251,Jennifer Pena,charlesharrington@example.com,Asia,2024-12-27
7512,Sarah Phelps,ofinley@example.net,Europe,2025-08-17
9864,Barry Welch,wendy16@example.org,Europe,2026-03-31
2646,Michael Berger,nguyenbrian@example.com,Middle East,2025-02-22
8056,Joseph Knight,georgemiller@example.com,Middle East,2026-03-09
4945,Mr. David Little MD,nolansteven@example.com,Asia,2026-06-07
9955,Jeremy Reed,,Middle East,2024-11-01
4263,Dr. Ashley James MD,victoria40@example.net,Latin America,2025-03-26
5497,Sean Osborne,lozanojulie@example.com,Middle East,2024-07-12
6772,Connor King,courtneyberger@example.net,Latin America,2023-09-20
6061,Amanda Diaz,christopherphillips@example.net,Asia,2025-04-26
3877,Richard Walter,alyssa42@example.com,Europe,2025-08-07
5835,Gina Wilson,taylortammy@example.net,Europe,2026-06-02
7511,Regina Diaz,ismith@example.org,Middle East,2025-06-26
7038,Megan Richards,daniel37@example.org,Latin America,2026-03-09
6374,Connie Brown,tblankenship@example.net,North America,2025-04-15
2911,Tracy Torres,pwilson@example.net,North America,2024-02-16
7367,Michael Paul,umatthews@example.org,North America,2025-04-25
2622,Lisa Crosby,antonio53@example.com,Europe,2025-06-10
4868,Ariana Jennings,bruce43@example.org,Europe,2025-06-26
2501,Maria Harper,williamsmatthew@example.org,Latin America,2025-12-14
4362,Phillip Clark,lisahall@example.org,Middle East,2026-01-31
1046,William Huerta,lauren10@example.org,North America,2023-08-13
6869,Cynthia Morris,josephmartinez@example.com,Latin America,2025-10-15
2862,Karen Strickland,hayesjeffrey@example.net,Latin America,2023-09-26
9543,Mason Johnson,bboone@example.net,Middle East,2024-01-04
9032,Jill Lam,,Latin America,2026-03-16
9984,Jane Harper,shawn96@example.org,Middle East,2026-07-15
2874,Marilyn Mack,russellbeasley@example.com,Asia,2024-12-28
8430,Nicholas Edwards,elizabeth52@example.net,Middle East,2025-07-26
2099,Bradley Reynolds,lisa80@example.net,North America,2025-12-09
6400,Jennifer Russo,uparrish@example.org,North America,2024-10-09
6119,Kenneth Lewis,gwalker@example.com,Middle East,2025-12-01
7022,Donald Perez,xbruce@example.net,Asia,2026-02-28
1430,Mary Steele,whitejacqueline@example.com,Asia,2024-12-29
6751,Sergio Knight,vjones@example.net,North America,2023-09-06
2503,Cindy Barnes,eric45@example.net,Asia,2026-02-01
2391,Brittney Webster,craigjoseph@example.net,Latin America,2025-05-09
8957,Jennifer Lewis,reeddaniel@example.net,Europe,2026-06-08
8972,Elizabeth Walker,smithkevin@example.org,Latin America,2024-02-19
5186,Bryan Jimenez,ythompson@example.net,North America,2026-07-18
4770,Sandra Drake,sandersjudy@example.com,Asia,2023-08-19
8532,Shannon Johnston,amckinney@example.com,Middle East,2024-01-15
7636,Frederick Solis,xcollier@example.org,Europe,2025-05-29
2734,Kevin Warren,vharrell@example.com,Middle East,2024-06-29
6456,Angela Schultz,rebeccabailey@example.net,North America,2026-04-18
3419,Charles Gonzalez,kathleenrios@example.org,Asia,2026-03-22
9095,Justin Riley,michelle52@example.com,Middle East,2023-11-04
8682,Eric Hill,bellcharles@example.com,Middle East,2025-06-22
1616,Ronald Jones,gilbertwilliam@example.com,Europe,2026-01-07
1672,Robert Pearson,cassidy82@example.org,Europe,2025-06-19
2695,Sara Haas,wagnergerald@example.org,Asia,2025-05-31
8199,Lisa Cox,paul59@example.org,Europe,2026-03-27
6482,Brandon Gregory,johnathan92@example.com,Middle East,2023-11-24
3317,Emily Douglas,tanderson@example.org,Middle East,2024-11-12
7171,Erin Anderson,lucasrodney@example.com,North America,2023-08-18
6940,Trevor Peterson,ilee@example.org,Middle East,2023-11-17
5846,Ashley Wise,,Asia,2024-02-09
7172,Christopher Schwartz,jenniferwilliams@example.com,Latin America,2026-06-05
4891,Lisa Goodwin,pyoung@example.com,North America,2025-07-18
4178,Travis Joyce,xhammond@example.com,North America,2025-09-09
9641,Christopher Gonzalez,moniquewilliams@example.com,Asia,2025-02-16
2680,Kelli Martinez,hinesjoshua@example.net,Asia,2024-03-05
8167,Thomas Velasquez,sarah60@example.com,Europe,2025-09-07
7126,Zachary Brooks,florescory@example.net,North America,2026-04-25
6493,Brenda Mitchell,ihorton@example.net,Europe,2025-07-18
8349,Susan Smith,marydunn@example.net,Middle East,2026-02-20
9647,Ricardo Young,williamsrobert@example.net,North America,2025-06-30
2029,Taylor Carlson,chenbailey@example.net,North America,2024-02-29
5772,Lucas Allen,qlopez@example.org,Latin America,2025-10-11
6908,Joseph Romero,myerstheodore@example.net,North America,2025-03-12
7116,Alan Kramer,john19@example.net,Middle East,2024-12-18
3185,Joshua Li,mariacohen@example.net,Europe,2025-08-02
3986,Amy Parsons,mjohnson@example.org,Europe,2024-05-25
1686,Eric Sanders,wking@example.net,Latin America,2024-05-12
5687,Richard Glenn,joshua56@example.com,Middle East,2025-06-03
7334,Cody Holt,sandra84@example.org,Europe,2025-05-10
2293,Zachary White,manuel15@example.net,Asia,2024-10-22
6021,Mitchell Jackson,cbell@example.net,Middle East,2025-01-18
8126,William Gould,lambertrichard@example.net,Middle East,2026-06-10
3621,Brenda Lawson,ejohnson@example.org,Latin America,2026-04-18
7001,Travis Johnson,erikarush@example.com,Europe,2025-06-09
2259,Kendra Sanders,john10@example.net,Middle East,2024-05-05
9176,Susan Wilson,jane39@example.com,Europe,2026-07-03
9047,Chad Jones,rachelwallace@example.org,Asia,2026-06-14
6236,Michelle Pierce,patricia22@example.com,Latin America,2025-09-18
4673,Curtis Taylor,jjohnson@example.net,Asia,2025-02-13
8657,Kristen Salazar,jonesraymond@example.net,Latin America,2025-08-02
9612,Jason Andrews,teresaday@example.com,Middle East,2025-07-13
9476,Shawn Deleon,katrinaanderson@example.net,Latin America,2023-10-15
3034,Elizabeth Martin,michaeleverett@example.com,North America,2023-11-20
5105,Tyler Hill,christina18@example.net,Europe,2024-04-07
3526,Marcus Winters,megan90@example.org,Europe,2023-11-24
1744,Patricia Baker,katiebutler@example.net,North America,2023-09-06
9159,Kimberly May,timothy64@example.com,Asia,2023-11-11
1981,Jason Marshall,catherine55@example.net,North America,2025-01-07
7532,Jacob Hoffman,,Middle East,2024-08-09
3308,Dylan Cruz,kwright@example.com,Middle East,2026-01-03
6123,Christopher Ferrell,tjimenez@example.com,Europe,2023-08-26
2475,Kathy Levy,brandywilliams@example.com,Middle East,2025-08-27
8710,Adam Rodriguez,nicoleluna@example.com,Europe,2025-02-08
1741,Kelly Lee,charles87@example.net,North America,2024-09-27
2946,Brent Brooks,angela52@example.org,North America,2026-02-10
9341,Andrew Williams,linda87@example.org,North America,2026-02-16
9446,Timothy Flores,vewing@example.com,Europe,2026-01-28
6511,Katrina Burns,thomas05@example.com,North America,2026-06-01
2795,Lauren Robles,carlsonjoseph@example.net,North America,2026-01-04
1841,Carolyn Fuller,rhernandez@example.org,Asia,2023-09-08
2800,Jeremy Barnes,avaughn@example.net,North America,2026-02-24
8726,Nancy Brown,aprilhoffman@example.net,Middle East,2025-08-02
9609,Tyler Stevens,amy49@example.com,Europe,2024-05-14
5038,Edwin David,kellie37@example.com,Asia,2025-08-04
6714,Taylor Griffith,david86@example.com,Latin America,2025-01-07
3399,Dwayne Klein,sandra47@example.org,Europe,2024-05-29
9824,Justin Nelson,gilbertbrenda@example.org,Middle East,2023-10-07
9700,David Garcia,jennifer12@example.org,Europe,2025-11-21
3587,Timothy Johns,wsantos@example.com,Middle East,2024-11-30
5676,Susan Davis,amandasharp@example.org,Middle East,2024-04-17
7846,Casey Gillespie,lfrench@example.net,Latin America,2024-10-12
1613,Keith Rodriguez,justin88@example.com,Europe,2024-02-14
9261,Corey Rodriguez,jessicawong@example.net,Latin America,2024-05-05
1230,Rachel Bradley,gregorychase@example.com,Latin America,2025-05-15
9442,James Davis,thomasboyle@example.org,Europe,2024-08-29
7284,Paul Finley,brandi90@example.com,North America,2026-05-01
6890,Amy Wilson,erik84@example.net,North America,2024-01-19
5833,Daniel Bernard,vhernandez@example.net,Latin America,2025-02-20
7813,Susan Todd,kathleenbecker@example.net,Asia,2023-11-25
8319,Heidi Stark,brownamy@example.net,Latin America,2024-05-30
9792,Garrett Meyer,frazierjennifer@example.com,Latin America,2023-12-09
9361,Anthony Anderson,dbryant@example.net,Latin America,2025-07-08
6049,Jennifer Velasquez,bethwilliams@example.com,North America,2026-07-13
2044,Amy Shannon,ajohnson@example.org,North America,2024-02-16
7887,Steven West,rbennett@example.net,North America,2025-11-04
3178,Hannah White,urice@example.org,Latin America,2023-07-26
1372,Julie Ball,opatel@example.org,Asia,2025-07-05
6671,Colin Golden,johnsondonna@example.net,North America,2023-08-14
4943,Brian Johnson,sanchezbradley@example.com,Europe,2024-07-19
9843,Scott Brown,jim95@example.net,Europe,2026-02-03
6253,Shawn Odom,roberthill@example.net,Europe,2026-01-25
3869,Jessica Simpson,shelly68@example.com,Middle East,2026-07-06
7821,Elijah White,oallen@example.com,Latin America,2024-03-01
8586,Kristina Faulkner,paulscott@example.com,Europe,2026-04-20
2295,Sarah Davis,brettbennett@example.net,Latin America,2026-02-11
1647,Chelsea Gill,timothybooth@example.com,Europe,2024-11-02
4470,Tonya Wilson,srocha@example.net,Asia,2026-07-18
4350,David Morris,oscar85@example.com,Latin America,2024-08-30
6892,Kathleen Garcia,ugill@example.org,Europe,2025-02-15
6126,Justin Walker,allentran@example.net,North America,2026-01-05
7841,Craig Hall,victorpena@example.net,Latin America,2024-12-26
5216,Katherine Cummings,umurray@example.com,Middle East,2024-04-08
3293,Katherine Stark,warrenmary@example.org,North America,2026-05-24
1794,Jennifer Kirby,carloshernandez@example.org,North America,2025-09-13
8471,Luke Estrada,bhopkins@example.org,Middle East,2025-10-24
7739,Joseph Hill,andre62@example.org,North America,2023-12-17
9591,Corey Fox,joseph61@example.com,North America,2025-04-11
8520,Wanda Perez,valdezmichele@example.org,Europe,2023-12-13
7640,Juan Brown,warnerchristopher@example.com,Europe,2026-04-17
6427,Shannon Davis,hallrachel@example.net,Latin America,2025-12-17
8790,Thomas Cohen,rachel90@example.org,Latin America,2024-11-20
1256,Laurie Goodwin,thickman@example.org,Latin America,2025-12-13
4939,Sarah Rhodes,patrick21@example.net,Europe,2025-01-08
1879,David Jones,unovak@example.org,Latin America,2026-04-01
5478,Joanne Perez,rreynolds@example.net,North America,2026-05-12
2404,Elizabeth Wright,millereric@example.net,Europe,2026-03-31
3527,Emily Rodriguez,hahnsean@example.com,Latin America,2023-12-26
3170,Jeffrey Hawkins,fgarcia@example.com,North America,2025-11-27
2524,Rachel Shields,carterpaul@example.org,Latin America,2025-12-06
4977,Carolyn James,josephadams@example.org,Asia,2023-10-27
3739,Jason Washington,wardsheryl@example.net,Latin America,2026-03-17
9123,Christina Rodriguez,adam65@example.net,Asia,2025-03-02
6399,Jeffrey Colon,kevinmorrison@example.net,Latin America,2024-05-28
8848,Vincent Novak,jessica79@example.org,Middle East,2024-12-08
7161,Richard Diaz,brittanygardner@example.net,Latin America,2025-11-21
1440,Julia Erickson,ssalinas@example.org,Europe,2025-04-16
9180,Eric King,jennifermccormick@example.org,Europe,2025-06-17
8851,Kimberly Mclean,ystephens@example.com,Asia,2026-07-14
9796,Suzanne Rodriguez,dianekelly@example.net,Europe,2026-02-26
1725,Maria Lucas,tammy61@example.org,North America,2023-12-21
5239,Paul Grant,seanmyers@example.net,Middle East,2026-01-20
9199,Zachary Webb,robert11@example.net,Middle East,2024-02-26
6707,Jesse Clark,gbailey@example.com,North America,2026-07-07
8412,Eric Patrick,johnsonmatthew@example.org,Asia,2026-06-06
3692,Natalie Black,,North America,2024-07-15
4022,Matthew Foster,shannonjordan@example.org,North America,2026-07-19
4519,Paul Stokes,raylauren@example.net,Middle East,2024-05-06
6993,Jim Baker,orose@example.com,Latin America,2026-02-02
7431,Hannah Bruce,lisamccarthy@example.com,Middle East,2026-03-01
2388,Emily Allen,whiteheather@example.net,Middle East,2025-03-15
7852,Laura Henderson,sreid@example.net,Europe,2024-04-15
3733,Charles Edwards MD,glennstephanie@example.com,North America,2024-02-18
4196,Tracey Wagner,fortiz@example.com,Middle East,2025-06-09
9006,Keith Flynn,kellyhill@example.net,North America,2024-10-11
3755,Krystal Barton,hdunn@example.net,Europe,2024-01-14
5389,Samantha Richardson,wolfscott@example.org,North America,2025-05-11
2677,Martha Wright,colemichael@example.org,Middle East,2025-06-02
2923,Cynthia Cochran,michelle96@example.org,North America,2026-03-04
3281,Robin Trujillo,amanda98@example.org,Europe,2024-12-04
5794,Derek Hodge,taylorkaren@example.com,Latin America,2023-10-21
5543,Beth Cline,dustinmorris@example.org,North America,2026-06-05
7434,Kenneth Adams MD,yjones@example.org,Middle East,2025-04-06
9447,Melissa Wiley,uclements@example.net,Europe,2023-07-24
2526,Judy Beck,melissa86@example.org,Middle East,2025-05-18
9105,Ronald Morgan,ashleewashington@example.com,Middle East,2026-06-15
1793,Mark Copeland,martinezmia@example.com,North America,2025-06-29
1011,Jessica Forbes DVM,erik41@example.net,Middle East,2025-01-30
5102,Matthew Banks,sanderskevin@example.net,North America,2024-07-18
8032,Michele Smith,lmiller@example.org,Latin America,2025-10-04
8291,Michael Montoya,ebenson@example.org,Middle East,2024-07-10
7276,Robert Garcia,nicole26@example.org,Middle East,2026-04-12
3340,Justin Bishop,scottbowen@example.net,Middle East,2024-03-12
7745,Jessica Robinson,taylordavid@example.net,Asia,2025-03-08
6759,Emily Taylor,deanna38@example.net,Asia,2026-02-07
5668,Melissa Abbott,jamie98@example.org,Europe,2025-03-20
5842,Rachel Leon,troyrodriguez@example.com,Asia,2026-04-07
2163,Vanessa Hatfield,david96@example.com,Europe,2025-11-15
3830,Tiffany Townsend,matthewsalexander@example.org,Asia,2023-09-20
1990,Jennifer Mitchell,zhenderson@example.org,Latin America,2026-04-11
9791,Brittany Miller,dixonjames@example.org,Europe,2025-10-31
6353,Mark Davenport,,Asia,2023-10-18
5005,Jeffrey Chavez,parkerjudith@example.net,Latin America,2024-04-18
2956,Chad Smith,hbenton@example.net,Asia,2024-08-26
3735,Paul Marks,wiseanthony@example.com,North America,2024-09-15
9582,Michael Ray,crawfordwilliam@example.org,North America,2025-09-04
3734,David Garcia,perezwilliam@example.org,Latin America,2023-08-09
5006,Jack Mora,sarahmathews@example.net,Middle East,2026-05-04
7870,David Moon,joseph19@example.com,Middle East,2024-01-22
9225,Amy Walker,finleycasey@example.com,North America,2024-10-01
6090,Juan Smith,kellymueller@example.net,North America,2026-03-14
4974,Kevin Snyder,jessicapayne@example.org,Middle East,2024-03-10
1104,Allison Weaver,tapiaaaron@example.net,Europe,2025-02-24
6038,Joseph Allen,jwoodward@example.net,Middle East,2024-09-27
1719,Stephanie Meyer,stephen19@example.org,Asia,2025-09-13
3187,Jennifer Vargas,grahamtamara@example.org,Europe,2024-10-16
5276,Tammy Long,louis43@example.org,Asia,2024-05-30
3230,Lauren Moore,shannonedwards@example.org,North America,2025-10-30
6870,Christine Parker,melissa12@example.net,Europe,2024-11-04
1660,Scott Hernandez,tanyafoster@example.org,Asia,2026-06-06
5896,William Johnson,jbond@example.net,Asia,2025-11-21
5093,Brian Leon,smithmaria@example.org,Europe,2024-02-09
4246,Jacqueline Mccoy,aguilarjonathan@example.org,Latin America,2023-08-23
2056,Matthew Lamb,steinmaria@example.com,Middle East,2024-01-27
1699,Amber Glass,zunderwood@example.com,Asia,2023-09-04
7270,Carrie Lewis,joshuagriffin@example.org,Middle East,2023-09-12
5026,Kathleen Andrade,rbrown@example.com,Middle East,2024-02-19
7868,Stephen Fox,mayokimberly@example.com,North America,2025-08-04
9921,Hailey Cunningham,paul20@example.com,Middle East,2026-02-02
4588,Robert Campbell,xmoreno@example.net,Asia,2024-07-16
3615,Matthew Adams,gallagherstacie@example.net,North America,2025-03-15
3846,Kevin Drake,robin05@example.net,Europe,2025-12-12
3328,Chelsea Travis,lweaver@example.com,Asia,2023-09-17
2478,Kyle Smith,nsmith@example.org,North America,2024-02-08
6582,Tamara Richard,brian29@example.net,North America,2024-02-26
2817,Shannon Yu,janet69@example.org,Middle East,2024-12-24
5944,William Oconnor,fconner@example.net,Europe,2024-11-24
3854,Kristina Preston,jeffrey92@example.com,Asia,2024-11-08
5825,Nicholas Rush,xrosales@example.net,Asia,2023-09-09
3983,Tammy Ponce,daniellegarcia@example.com,Middle East,2024-02-24
6425,Cynthia Haas,daisymccarty@example.net,Europe,2026-05-26
6500,Derek Wright,,Asia,2023-07-22
1788,Nicholas Costa,ysnyder@example.com,Europe,2025-11-15
7149,John Shields,franciscojones@example.org,Asia,2024-10-21
1328,Trevor Jones,pamelamartin@example.org,Middle East,2025-11-16
2525,William Barry,reynoldsdesiree@example.net,Latin America,2025-05-25
3573,Gary Mccann,,Asia,2025-11-06
5346,Elizabeth Davis,farmstrong@example.org,North America,2023-10-13
6911,Brandon Colon,bgonzalez@example.org,North America,2024-04-11
5781,Kara Wilson,qruiz@example.com,Latin America,2023-12-09
9914,Jacob James,seanbaker@example.com,Asia,2024-09-02
4706,Kristy Hernandez,millermaurice@example.net,North America,2025-04-24
4727,Sara Cardenas,rsheppard@example.com,North America,2025-12-26
4860,Blake Orr,shawrachel@example.net,Asia,2026-06-07
3415,Peter Thompson,teresastokes@example.org,Europe,2023-09-25
7936,Michael Harris,maryscott@example.net,Asia,2023-11-02
2425,James Nguyen,,Europe,2025-10-09
7874,Chase Knight,buckleyanna@example.org,Latin America,2024-10-07
9775,Sherry Baker,earmstrong@example.org,Middle East,2024-04-13
5512,Luke Becker,,Latin America,2024-07-24
1807,Tammie Prince,morganlaura@example.com,Middle East,2024-09-28
9054,Melinda Compton,dennismccann@example.com,North America,2024-11-30
5414,Lisa Davis,,North America,2025-08-11
9462,Samantha Robertson,cameronmckinney@example.com,North America,2024-02-16
9589,Alyssa Lee,marywright@example.com,Europe,2023-10-07
6904,Denise Colon,hreid@example.net,Middle East,2023-09-06
4963,Kirk Thompson,wmatthews@example.com,North America,2024-03-31
5237,Melissa Mitchell,kwilliams@example.org,Asia,2024-06-28
4688,Debra Ortiz,hancocktammy@example.net,Middle East,2023-08-03
8767,Maria Burke,walkercharlene@example.com,Middle East,2026-04-14
5511,James Bailey,jeffery48@example.net,Europe,2025-03-28
2676,Zachary Levy,anna99@example.com,Latin America,2024-10-26
2771,Mr. Donald Nguyen,jose43@example.org,Europe,2025-10-01
4937,Renee Lang,,North America,2023-08-29
9148,Deanna Barnes MD,aguilarwanda@example.org,Asia,2025-01-04
4643,Margaret Alvarez,william28@example.org,Asia,2024-10-19
2599,Patrick Hardy,staceylam@example.net,North America,2023-12-06
4641,Patrick Parker,nathan94@example.com,Asia,2024-01-19
8709,Mark Carpenter,kennedyjames@example.org,Europe,2026-06-12
7253,Jennifer Pitts,,Europe,2025-12-21
8496,Scott White,freemancrystal@example.org,North America,2024-11-18
1950,Donald Juarez,barbaramoore@example.org,Asia,2024-02-07
8105,Jennifer Sanford,ismith@example.org,Middle East,2025-02-19
6279,Kiara Smith,simsjohn@example.net,Latin America,2025-01-05
6113,James Chapman,cameronwilliams@example.com,Middle East,2025-06-28
9524,Gail Barron,matthewvalenzuela@example.com,Europe,2024-05-08
3701,Tamara Powell,jeffreymercer@example.org,Europe,2023-08-24
9267,Jacob Santos,brooksdanielle@example.net,Europe,2026-03-15
1796,Amber Rodriguez,williamsdarrell@example.com,Europe,2025-03-02
3024,Kara Hernandez,turnerdorothy@example.net,Latin America,2025-10-06
5423,Mercedes Barnes,huntchristine@example.com,North America,2024-01-14
2741,Mr. Richard Decker DVM,,Europe,2025-11-18
9132,Melissa Castillo,aaronpowers@example.org,Asia,2025-12-28
3443,Penny Jones,,Latin America,2024-10-22
5327,Brett Thompson,phelpsmichael@example.net,Europe,2024-11-17
7979,Anna Chang,smithdevon@example.net,Asia,2024-04-10
6384,Jeffrey Howell,watsonmatthew@example.org,Europe,2025-04-03
7557,Denise Cruz,pmarsh@example.org,North America,2024-01-12
3171,Amy Dunlap,dalepruitt@example.com,Latin America,2025-12-20
8178,James Howard,huffmannichole@example.net,North America,2024-02-08
8914,Ashley Jenkins,browndiana@example.org,Latin America,2026-07-19
9598,Laura Cunningham,april91@example.com,Europe,2026-05-13
5072,Mr. Martin Hernandez,smithsarah@example.net,Europe,2025-07-19
3709,John Allen,brent38@example.net,Latin America,2025-02-28
7607,Angela Wallace,fmiller@example.com,Asia,2024-11-22
2944,Dr. Alicia Powell,hawkinsaaron@example.org,Asia,2026-02-13
5990,Kristina Pena,xclements@example.org,Europe,2024-07-01
8445,Randall Greene,jennifer11@example.net,Europe,2024-06-29
1035,Ronald Brandt,amy51@example.org,North America,2024-04-01
9067,Mitchell Griffith,kingjames@example.org,Europe,2025-03-22
4532,Richard Love,shermanbrandon@example.net,Latin America,2026-05-30
3018,Joanna Barrett,tamarasmith@example.net,Asia,2023-10-04
8091,Karen Romero,heatherthompson@example.org,Asia,2023-12-28
7347,Lisa Morris,mbarnes@example.net,North America,2024-08-09
5482,Grant Phillips,devonmorrison@example.net,Asia,2025-09-23
5897,Kimberly Edwards,jamesweber@example.com,Asia,2026-06-21
6657,Brandi Page,williambenson@example.com,Middle East,2024-01-16
6771,Lauren Bender,icraig@example.com,Latin America,2025-05-07
1209,Allison Thomas,gonzalezkaren@example.org,Middle East,2024-10-08
2016,Elizabeth Molina,howardshaun@example.net,Asia,2026-06-04
4675,Kristina Young,heather06@example.com,North America,2025-04-28
6122,Amy Manning,christinenorman@example.com,North America,2024-07-05
7025,Kimberly Morrison,kellythompson@example.net,Asia,2023-11-13
4063,Nancy Wilson,pattersonangela@example.org,Europe,2024-03-26
5178,John Pineda,hernandezmarcus@example.org,Middle East,2026-03-18
5934,Kenneth Howard DDS,alicia28@example.org,Asia,2025-09-12
3611,Joshua Davis,nicolealvarado@example.com,North America,2025-01-31
5809,Paul Moreno,wilsonmichael@example.org,North America,2026-04-13
4994,Melanie Flores,cruzamber@example.com,Middle East,2023-08-28
9468,Jaime Lang,stucker@example.net,Latin America,2024-05-15
6248,Tiffany Jackson,simsjason@example.net,Asia,2024-06-16
7950,Christine Poole,elucas@example.net,Asia,2026-06-20
3519,Mitchell Johnson,brownlaura@example.net,Latin America,2023-11-07
4729,Jennifer Hayes,bhamilton@example.com,Middle East,2026-05-31
2938,Margaret Montgomery,haynescharles@example.net,Middle East,2024-01-01
5748,Elizabeth Miller,,North America,2025-07-26
3561,Brandy Myers,susan24@example.net,Latin America,2026-04-22
7113,Alexandra Baxter,davidsmith@example.net,Middle East,2025-03-24
9800,Angela Clark,jason82@example.org,Europe,2024-05-01
4617,Dawn Wilson,yorksarah@example.net,Asia,2025-07-06
2198,Austin Garcia,wlynn@example.org,North America,2026-05-28
4842,Manuel Mccullough,todd59@example.net,Latin America,2024-11-06
3496,Holly Stewart,ujackson@example.org,North America,2024-06-29
8145,Ian Frazier,natalie77@example.com,Middle East,2024-11-06
8978,Casey Obrien,michele28@example.org,Middle East,2024-09-01
2252,Stephanie Atkinson,hessbeth@example.net,Europe,2024-06-15
1600,Kimberly Lutz,jvaldez@example.com,Asia,2025-03-21
4658,Leah Vincent,stevendixon@example.com,Latin America,2025-02-05
9227,David Maynard,katherinetaylor@example.org,North America,2024-04-24
3395,Karen Howard,kathleenhall@example.com,Asia,2025-02-13
4834,Daniel Velez,paul70@example.org,Middle East,2026-04-23
6309,Warren Schultz,mary49@example.net,Asia,2025-12-22
3848,James Matthews,blacknicholas@example.org,North America,2025-09-30
7649,Sean Tucker,aeaton@example.net,Asia,2024-02-21
8207,Billy Schneider,edwardmoore@example.net,Middle East,2024-01-20
4773,Gary Wilson,lmendoza@example.org,Asia,2026-04-21
7732,Andrew Berry,dennishunt@example.net,Latin America,2024-03-05
3725,Christopher Mullen,johnsjessica@example.com,Asia,2023-12-01
4548,Willie Dillon,jeffreyjenkins@example.org,Latin America,2026-01-11
3979,Kayla Jackson,sandra99@example.org,Asia,2024-07-12
7196,Brian Harris,mserrano@example.org,Middle East,2024-04-21
8796,Linda Rich,davisdonna@example.net,Europe,2025-11-04
1019,Patricia Banks,cwood@example.net,Europe,2025-10-21
8028,Robert Clarke,zbell@example.net,Latin America,2026-07-07
2600,David Cannon,campbellnancy@example.com,Latin America,2024-08-24
4096,Patrick Smith,meyernicholas@example.org,Europe,2026-06-23
6175,Brian Simmons,jose86@example.net,Middle East,2025-02-08
5514,Jennifer Harris DDS,jwhite@example.net,Middle East,2025-08-10
5157,Laura Schroeder MD,melissahopkins@example.net,Asia,2024-07-11
8317,Tiffany Garcia,zhartman@example.net,Latin America,2026-02-28
1852,Vincent Smith,morrowthomas@example.net,Middle East,2025-05-27
2444,Daniel Miller,ramseysarah@example.com,North America,2026-02-28
9536,Victor Brown,daniellegonzales@example.org,Asia,2026-05-06
9489,Andrew Greene,christinacraig@example.com,Asia,2024-07-26
1004,Angie Hill,zgomez@example.com,Europe,2026-01-16
4281,Nancy Jones,,Latin America,2026-01-11
6703,Robert Perez,,Middle East,2024-08-29
3867,Brian Jones,matthew18@example.com,Middle East,2025-11-02
5098,Tracy Hart,katherineali@example.com,Asia,2026-06-13
8548,Shannon Olson,carlos33@example.com,Latin America,2025-04-21
6785,Alexandra Collier,,Latin America,2025-01-02
2245,Cassandra Edwards,patriciaadams@example.net,Latin America,2026-06-16
4115,Mr. Nicolas Salas II,maryhuff@example.com,Europe,2024-03-19
2747,Blake Sosa,waustin@example.net,Middle East,2023-09-24
8901,Ethan Villanueva,travis84@example.com,Latin America,2024-06-30
7276,Robert Garcia,nicole26@example.org,Middle East,2026-04-12
2938,Margaret Montgomery,haynescharles@example.net,Middle East,2024-01-01
9543,Mason Johnson,bboone@example.net,Middle East,2024-01-04
7532,Jacob Hoffman,,Middle East,2024-08-09
9728,Jacob Hunter,alexander67@example.org,Europe,2025-05-24
7253,Jennifer Pitts,,Europe,2025-12-21
5897,Kimberly Edwards,jamesweber@example.com,Asia,2026-06-21
3615,Matthew Adams,gallagherstacie@example.net,North America,2025-03-15
2747,Blake Sosa,waustin@example.net,Middle East,2023-09-24
3869,Jessica Simpson,shelly68@example.com,Middle East,2026-07-06
